{
  "ext/controller/CustomActions-dbg.js": 1740749579451,
  "i18n/i18n_es.properties": 1741196966307,
  "i18n/i18n_en.properties": 1741196966306,
  "i18n/i18n.properties": 1741196966306,
  "manifest.json": 1741348318009,
  "ext/controller/CustomActions.js": 1740749579451,
  "Component.js": 1740749579451,
  "Component-dbg.js": 1740749579451,
  "Component.js.map": 1741348318171,
  "i18n/i18n_pt.properties": 1741196966307,
  "ext/controller/CustomActions.js.map": 1741348318172,
  "Component-preload.js": 1741348318333,
  "Component-preload.js.map": 1741348318333,
  "index.html": 1741196966308
}