{
  "Component-preload.js.map": 1740746172444,
  "i18n/i18n_pt.properties": 1740683444533,
  "i18n/i18n_en.properties": 1740683444518,
  "i18n/i18n.properties": 1740683444518,
  "ext/controller/CustomActions.js": 1740148135798,
  "manifest.json": 1740746172172,
  "Component.js": 1736266731370,
  "ext/controller/CustomActions-dbg.js": 1740148135798,
  "ext/controller/CustomActions.js.map": 1740746172326,
  "Component-dbg.js": 1736266731370,
  "Component.js.map": 1740746172326,
  "Component-preload.js": 1740746172444,
  "i18n/i18n_es.properties": 1740683444518,
  "index.html": 1740683444533
}