{
  "ext/controller/CustomActions-dbg.js": 1740148135798,
  "i18n/i18n_es.properties": 1740661306262,
  "i18n/i18n_en.properties": 1740661306262,
  "i18n/i18n.properties": 1740661306262,
  "manifest.json": 1740662535503,
  "ext/controller/CustomActions.js": 1740148135798,
  "Component.js": 1736266731370,
  "Component-dbg.js": 1736266731370,
  "Component.js.map": 1740662535631,
  "i18n/i18n_pt.properties": 1740661306262,
  "ext/controller/CustomActions.js.map": 1740662535631,
  "Component-preload.js": 1740662535750,
  "Component-preload.js.map": 1740662535750,
  "index.html": 1740661306263
}