{
  "Component.js.map": 1741710524786,
  "i18n/i18n_es.properties": 1740749606663,
  "i18n/i18n_pt.properties": 1740749617243,
  "i18n/i18n.properties": 1740749628333,
  "manifest.json": 1741710524646,
  "ext/controller/CustomActions.js": 1740156432417,
  "Component.js": 1738348566322,
  "ext/controller/CustomActions-dbg.js": 1740156432417,
  "ext/controller/CustomActions.js.map": 1741710524787,
  "Component-dbg.js": 1738348566322,
  "i18n/i18n_en.properties": 1740749597303,
  "Component-preload.js": 1741710524919,
  "Component-preload.js.map": 1741710524919,
  "index.html": 1740749586513
}