{
  "i18n/i18n_pt.properties": 1740674450409,
  "i18n/i18n_es.properties": 1740674451639,
  "i18n/i18n_en.properties": 1740674969449,
  "i18n/i18n.properties": 1740674453269,
  "Component.js": 1738348566322,
  "manifest.json": 1740679601981,
  "ext/controller/CustomActions.js": 1740156432417,
  "ext/controller/CustomActions-dbg.js": 1740156432417,
  "ext/controller/CustomActions.js.map": 1740679603166,
  "Component-dbg.js": 1738348566322,
  "Component.js.map": 1740679603165,
  "Component-preload.js": 1740679605134,
  "Component-preload.js.map": 1740679605134,
  "index.html": 1740674455199
}